"id","name","code","weight","parent_id","level","create_uid","create_date","write_uid","write_date","set_id","negative"
2124,RB General,"1",100.0,"",0,6,"2023-03-27 08:01:13.982152",6,"2023-03-27 08:01:13.982152",5,""
2126,RB Tematik,"2",10.0,"",0,6,"2023-03-27 08:01:57.292707",6,"2023-03-27 08:01:57.292707",5,""
2127,Strategi Pelaksanaan RB General,A,10.0,"2124",1,6,"2023-03-27 08:04:05.378642",6,"2023-03-27 08:04:05.378642",5,""
2128,Capaian Pelaksanaan Kebijakan Reformasi Birokrasi,B,40.0,"2124",1,6,"2023-03-27 08:04:05.378642",6,"2023-03-27 08:04:05.378642",5,""
2129,Capaian Sasaran Strategis Reformasi Birokrasi,C,50.0,"2124",1,6,"2023-03-27 08:04:05.378642",6,"2023-03-27 08:04:05.378642",5,""
2131,Strategi Pelaksanaan RB General,A1,10.0,"2127",2,6,"2023-03-27 08:09:36.935766",6,"2023-03-27 08:09:36.935766",5,""
2132,Hard Element (Sasaran 1),B1,33.0,"2128",2,6,"2023-03-27 08:09:36.935766",2,"2023-10-30 15:35:50.390115",5,""
2133,Soft Element (Sasaran 2),B2,7.0,"2128",2,6,"2023-03-27 08:09:36.935766",2,"2023-10-30 15:35:50.390115",5,""
2134,Hard Element (Sasaran Strategis 1),C1,28.0,"2129",2,6,"2023-03-27 08:09:36.935766",2,"2023-10-30 15:35:50.390115",5,""
2135,Soft Element (Sasaran Strategis 2),C2,22.0,"2129",2,6,"2023-03-27 08:09:36.935766",2,"2023-10-30 15:35:50.390115",5,""
2141,Rencana Aksi Pembangunan RB General,A101,3.0,"2131",3,6,"2023-03-27 08:48:20.514263",6,"2023-03-27 08:48:20.514263",5,""
2142,Tingkat Implementasi Rencana Aksi RB General,A102,7.0,"2131",3,6,"2023-03-27 08:48:20.514263",6,"2023-03-28 02:37:46.17199",5,""
2143,Persentase Penyederhanaan Struktur Organisasi,B101,2.0,"2132",3,6,"2023-03-27 08:48:20.514263",2,"2023-10-30 21:59:20.05429",5,""
2144,Tingkat Capaian Sistem Kerja untuk Penyederhanaan Birokrasi,B102,2.0,"2132",3,6,"2023-03-27 08:48:20.514263",2,"2023-10-30 21:59:20.05429",5,""
2145,Tingkat Maturitas Sistem Pengendalian Intern Pemerintah (SPIP),B103,4.0,"2132",3,6,"2023-03-27 08:48:20.514263",2,"2023-10-30 22:00:12.414206",5,""
2146,Tingkat Keberhasilan Pembangunan Zona Integritas,B104,3.0,"2132",3,6,"2023-03-27 08:48:20.514263",2,"2023-10-30 22:00:40.225738",5,""
2147,Nilai Sistem Akuntabilitas Kinerja Instansi Pemerintah (SAKIP),B105,4.0,"2132",3,6,"2023-03-27 08:48:20.514263",2,"2023-10-30 22:00:49.95474",5,""
2148,Indeks Perencanaan Pembangunan,B106,2.0,"2132",3,6,"2023-03-27 08:48:20.514263",2,"2023-10-30 22:01:00.382427",5,""
2149,Tingkat Implementasi Kebijakan Arsitektur Sistem Pemerintahan Berbasis Elektronik (SPBE),B107,2.0,"2132",3,6,"2023-03-27 08:48:20.514263",2,"2023-10-30 22:01:19.516166",5,""
2150,Tingkat Digitalisasi Arsip,B108,2.0,"2132",3,6,"2023-03-27 08:48:20.514263",2,"2023-10-30 21:41:35.809972",5,""
2151,Indeks Kinerja Pelaksanaan Anggaran,B109,2.0,"2132",3,6,"2023-03-27 08:48:20.514263",2,"2023-10-30 21:41:35.809972",5,""
2152,Indeks Pengelolaan Aset,B110,2.0,"2132",3,6,"2023-03-27 08:48:20.514263",2,"2023-10-30 21:41:35.809972",5,""
2153,Tingkat Tindak Lanjut Pengaduan Masyarakat (LAPOR) yang Sudah Diselesaikan,B111,1.5,"2132",3,6,"2023-03-27 08:48:20.514263",2,"2023-10-30 21:41:35.809972",5,""
2154,Indeks Kualitas Kebijakan,B112,1.5,"2132",3,6,"2023-03-27 08:48:20.514263",2,"2023-10-30 21:41:35.809972",5,""
2155,Indeks Reformasi Hukum,B113,1.5,"2132",3,6,"2023-03-27 08:48:20.514263",2,"2023-10-30 21:41:35.809972",5,""
2156,Tingkat Kematangan Penyelenggaraan Statistik Sektoral,B114,1.5,"2132",3,6,"2023-03-27 08:48:20.514263",2,"2023-10-30 21:41:35.809972",5,""
2157,Indeks Tata Kelola Pengadaan,B115,2.0,"2132",3,6,"2023-03-27 08:48:20.514263",2,"2023-10-30 21:41:35.809972",5,""
2158,Indeks Sistem Merit,B201,4.0,"2133",3,6,"2023-03-27 08:48:20.514263",2,"2023-10-30 21:41:35.809972",5,""
2159,Indeks Pelayanan Publik,B202,3.0,"2133",3,6,"2023-03-27 08:48:20.514263",2,"2023-10-30 21:41:35.809972",5,""
2163,Indeks Sistem Pemerintahan Berbasis Elektronik (SPBE),C101,9.0,"2134",3,6,"2023-03-27 08:48:20.514263",2,"2023-10-30 21:43:56.708856",5,""
2164,Capaian Akuntabilitas Kinerja,C102,10.0,"2134",3,6,"2023-03-27 08:48:20.514263",2,"2023-10-30 21:41:35.809972",5,""
2165,Tingkat Akuntabilitas Keuangan,C103,9.0,"2134",3,6,"2023-03-27 08:48:20.514263",2,"2023-10-30 21:41:35.809972",5,""
2167,Indeks BerAkhlak,C202,4.0,"2135",3,6,"2023-03-27 08:48:20.514263",6,"2023-03-27 08:48:20.514263",5,""
2168,Survei Penilaian Integritas,C203,10.0,"2135",3,6,"2023-03-27 08:48:20.514263",2,"2023-10-30 22:38:46.260425",5,""
2169,Survei Kepuasan Masyarakat,C204,8.0,"2135",3,6,"2023-03-27 08:48:20.514263",6,"2023-03-27 08:48:20.514263",5,""
2177,Rencana Aksi Pembangunan RB General,A10101,3.0,"2141",4,6,"2023-03-28 02:08:49.13564",6,"2023-03-28 02:38:46.264671",5,""
2178,TIngkat Implementasi Rencana Aksi RB General,A10201,7.0,"2142",4,6,"2023-03-28 02:08:49.13564",6,"2023-03-28 02:08:49.13564",5,""
2179,Persentase Penyederhanaan Struktur Organisasi,B10101,2.0,"2143",4,6,"2023-03-28 02:08:49.13564",2,"2023-10-30 21:41:35.809972",5,""
2180,Tingkat Capaian Sistem Kerja untuk Penyederhanaan Birokrasi,B10201,2.0,"2144",4,6,"2023-03-28 02:08:49.13564",2,"2023-10-30 21:41:35.809972",5,""
2181,Tingkat Maturitas Sistem Pengendalian Intern Pemerintah (SPIP),B10301,4.0,"2145",4,6,"2023-03-28 02:08:49.13564",2,"2023-10-30 21:59:20.05429",5,""
2182,Tingkat Keberhasilan Pembangunan Zona Integritas,B10401,3.0,"2146",4,6,"2023-03-28 02:08:49.13564",2,"2023-10-30 21:59:20.05429",5,""
2183,Nilai Sistem Akuntabilitas Kinerja Instansi Pemerintah (SAKIP),B10501,4.0,"2147",4,6,"2023-03-28 02:08:49.13564",2,"2023-10-30 21:59:20.05429",5,""
2184,Indeks Perencanaan Pembangunan,B10601,2.0,"2148",4,6,"2023-03-28 02:08:49.13564",2,"2023-10-30 21:59:20.05429",5,""
2185,Tingkat Implementasi Kebijakan Arsitektur Sistem Pemerintahan Berbasis Elektronik (SPBE),B10701,2.0,"2149",4,6,"2023-03-28 02:08:49.13564",2,"2023-10-30 21:59:20.05429",5,""
2186,Tingkat Digitalisasi Arsip,B10801,2.0,"2150",4,6,"2023-03-28 02:08:49.13564",2,"2023-10-30 21:59:20.05429",5,""
2187,Indikator Kinerja Pelaksanaan Anggaran,B10901,2.0,"2151",4,6,"2023-03-28 02:08:49.13564",2,"2023-10-30 21:59:20.05429",5,""
2188,Indeks Pengelolaan Aset,B11001,2.0,"2152",4,6,"2023-03-28 02:08:49.13564",2,"2023-10-30 22:32:07.992857",5,""
2189,Tingkat Tindak Lanjut Pengaduan Masyarakat (LAPOR) yang Sudah Diselesaikan,B11101,1.5,"2153",4,6,"2023-03-28 02:08:49.13564",2,"2023-10-30 22:29:46.981195",5,""
2190,Indeks Kualitas Kebijakan,B11201,1.5,"2154",4,6,"2023-03-28 02:08:49.13564",2,"2023-10-30 22:30:17.036726",5,""
2191,Indeks Reformasi Hukum,B11301,1.5,"2155",4,6,"2023-03-28 02:08:49.13564",2,"2023-10-30 22:30:36.842288",5,""
2192,Tingkat Kematangan Penyelenggaraan Statistik Sektoral,B11401,1.5,"2156",4,6,"2023-03-28 02:08:49.13564",2,"2023-10-30 22:30:59.102033",5,""
2193,Indeks Tata Kelola Pengadaan,B11501,2.0,"2157",4,6,"2023-03-28 02:08:49.13564",2,"2023-10-30 22:31:36.616045",5,""
2197,Indeks Sistem Merit,B20401,4.0,"2158",4,6,"2023-03-28 02:08:49.13564",2,"2023-10-30 22:32:29.675446",5,""
2198,Indeks Pelayanan Publik,B205,1.5,"2159",4,6,"2023-03-28 02:08:49.13564",2,"2023-10-30 22:36:19.178325",5,""
2199,Indeks SPBE,C10101,9.0,"2163",4,6,"2023-03-28 02:08:49.13564",6,"2023-03-28 02:08:49.13564",5,""
2200,Capaian Prioritas Nasional,C10201,2.0,"2164",4,6,"2023-03-28 02:08:49.13564",6,"2023-03-28 02:08:49.13564",5,""
2201,Capaian IKU,C10202,8.0,"2164",4,6,"2023-03-28 02:08:49.13564",2,"2023-10-30 22:36:51.851102",5,""
2202,Opini BPK,C10301,5.0,"2165",4,6,"2023-03-28 02:08:49.13564",6,"2023-03-28 02:26:35.789177",5,""
2203,Tindak Lanjut Rekomendasi,C10302,4.0,"2165",4,6,"2023-03-28 02:08:49.13564",2,"2023-10-30 22:37:09.569567",5,""
2204,Tingkat Kepatuhan Standar Pelayanan Publik,C20101,1.5,"2159",4,6,"2023-03-28 02:08:49.13564",2,"2023-10-30 22:35:52.924188",5,""
2205,Indeks BerAkhlak,C20201,4.0,"2167",4,6,"2023-03-28 02:08:49.13564",6,"2023-03-28 02:08:49.13564",5,""
2206,Survei Penilaian Integritas,C20301,10.0,"2168",4,6,"2023-03-28 02:08:49.13564",2,"2023-10-30 22:37:32.130944",5,""
2207,Survei Kepuasan Masyarakat,C20401,8.0,"2169",4,6,"2023-03-28 02:08:49.13564",6,"2023-03-28 02:08:49.13564",5,""
2208,-,"2A10101",0.0,"",4,6,"2023-03-28 02:08:49.13564",2,"2023-11-08 10:43:21.532449",5,""
2209,-,"2A10201",0.0,"",4,6,"2023-03-28 02:08:49.13564",2,"2023-11-08 10:43:30.100866",5,""
2210,-,"2A10301",0.0,"",4,6,"2023-03-28 02:08:49.13564",2,"2023-11-08 10:43:39.522094",5,""
2211,-,"2A10401",0.0,"",4,6,"2023-03-28 02:08:49.13564",2,"2023-11-08 10:43:48.521654",5,""
2212,-,"2A10501",0.0,"",4,6,"2023-03-28 02:08:49.13564",2,"2023-11-08 10:44:01.256847",5,""
2213,RB General,"1",100.0,"",0,6,"2023-03-28 03:22:03.79901",6,"2023-03-28 03:22:03.79901",6,""
2214,Strategi Pelaksanaan RB General,A,10.0,"2213",1,6,"2023-03-28 03:26:20.530851",6,"2023-03-28 03:26:20.530851",6,""
2215,Capaian Pelaksanaan Kebijakan Reformasi Birokrasi,B,40.0,"2213",1,6,"2023-03-28 03:26:20.530851",6,"2023-03-28 03:26:20.530851",6,""
2216,Capaian Sasaran Strategis Reformasi Birokrasi,C,50.0,"2213",1,6,"2023-03-28 03:26:20.530851",6,"2023-03-28 03:26:20.530851",6,""
2217,RB Tematik,"2",20.0,"",0,6,"2023-03-28 03:26:39.876815",6,"2023-03-28 03:26:39.876815",6,""
2218,Strategi Pelaksanaan RB Tematik,"2A",5.0,"2217",1,6,"2023-03-28 03:27:36.913857",2,"2023-10-31 10:50:56.601791",6,""
2219,Capaian Dampak RB Tematik,"2B",15.0,"2217",1,6,"2023-03-28 03:27:36.913857",6,"2023-03-28 03:27:36.913857",6,""
2220,Strategi Pelaksanaan RB General,A1,10.0,"2214",2,6,"2023-03-28 03:34:29.278672",6,"2023-03-28 03:34:29.278672",6,""
2221,Hard Element (Sasaran 1),B1,33.0,"2215",2,6,"2023-03-28 03:34:29.278672",2,"2023-10-31 10:51:40.300986",6,""
2222,Soft Element (Sasaran 2),B2,7.0,"2215",2,6,"2023-03-28 03:34:29.278672",2,"2023-10-31 10:51:51.727769",6,""
2223,Hard Element (Sasaran Strategis 1),C1,28.0,"2216",2,6,"2023-03-28 03:34:29.278672",2,"2023-10-31 10:52:04.432477",6,""
2224,Soft Element (Sasaran Strategis 2),C2,22.0,"2216",2,6,"2023-03-28 03:34:29.278672",2,"2023-10-31 10:52:13.376774",6,""
2225,Strategi Membangun RB Tematik,"2A1",5.0,"2218",2,6,"2023-03-28 03:34:29.278672",6,"2023-03-28 03:34:29.278672",6,""
2226,Capaian Dampak RB Tematik,"2B1",15.0,"2219",2,6,"2023-03-28 03:34:29.278672",6,"2023-03-28 03:34:29.278672",6,""
2227,Rencana Aksi Pembangunan RB General,A1001,3.0,"2220",3,6,"2023-03-28 04:12:37.017302",6,"2023-03-28 04:12:37.017302",6,""
2228,Tingkat Implementasi Rencana Aksi RB General,A1002,7.0,"2220",3,6,"2023-03-28 04:12:37.017302",6,"2023-03-28 04:12:37.017302",6,""
2229,Persentase Penyederhanaan Struktur Organisasi,B1001,2.0,"2221",3,6,"2023-03-28 04:12:37.017302",9988,"2023-11-06 19:19:16.236422",6,""
2230,Tingkat Capaian Sistem Kerja untuk Penyederhanaan Birokrasi,B1002,2.0,"2221",3,6,"2023-03-28 04:12:37.017302",2,"2023-10-31 10:55:00.857691",6,""
2231,Tingkat Maturitas Sistem Pengendalian Intern Pemerintah (SPIP),B1003,4.0,"2221",3,6,"2023-03-28 04:12:37.017302",2,"2023-10-31 10:58:40.362717",6,""
2232,Tingkat Keberhasilan Pembangunan Zona Integritas,B1004,3.0,"2221",3,6,"2023-03-28 04:12:37.017302",2,"2023-10-31 10:59:16.90255",6,""
2233,Nilai Sistem Akuntabilitas Kinerja Instansi Pemerintah (SAKIP),B1005,4.0,"2221",3,6,"2023-03-28 04:12:37.017302",2,"2023-10-31 11:00:50.974382",6,""
2234,Indeks Perencanaan Pembangunan,B1006,2.5,"2221",3,6,"2023-03-28 04:12:37.017302",2,"2023-10-31 11:01:17.752765",6,""
2235,Tingkat Implementasi Kebijakan Arsitektur Sistem Pemerintahan Berbasis Elektornik (SPBE),B1007,2.0,"2221",3,6,"2023-03-28 04:12:37.017302",2,"2023-10-31 11:02:00.141243",6,""
2236,Tingkat Digitalisasi Arsip,B1008,2.5,"2221",3,6,"2023-03-28 04:12:37.017302",2,"2023-10-31 11:02:20.450151",6,""
2237,Tingkat Tindak Lanjut Pengaduan Masyarakat (LAPOR) yang Sudah Diselesaikan,B1009,2.5,"2221",3,6,"2023-03-28 04:12:37.017302",2,"2023-10-31 11:03:05.788905",6,""
2238,Indeks Kualitas Kebijakan,B1010,2.0,"2221",3,6,"2023-03-28 04:12:37.017302",2,"2023-10-31 11:12:07.935971",6,""
2239,Indeks Reformasi Hukum,B1011,2.0,"2221",3,6,"2023-03-28 04:12:37.017302",2,"2023-10-31 11:12:21.657787",6,""
2240,Tingkat Kematangan Penyelenggaraan Statistik Sektoral,B1012,2.0,"2221",3,6,"2023-03-28 04:12:37.017302",2,"2023-10-31 11:12:57.768421",6,""
2241,Indeks Tata Kellola Pengadaan,B1013,2.5,"2221",3,6,"2023-03-28 04:12:37.017302",2,"2023-10-31 11:13:33.18755",6,""
2246,Indeks Sistem Merit,B2004,4.0,"2222",3,6,"2023-03-28 04:12:37.017302",2,"2023-10-31 11:14:55.987369",6,""
2247,Indeks Pelayanan Publik,B2005,3.0,"2222",3,6,"2023-03-28 04:12:37.017302",2,"2023-10-31 11:15:06.737555",6,""
2248,Indeks SPBE,C1001,9.0,"2223",3,6,"2023-03-28 04:12:37.017302",6,"2023-03-28 04:12:37.017302",6,""
2249,Capaian Akuntabilitas Kinerja,C1002,10.0,"2223",3,6,"2023-03-28 04:12:37.017302",2,"2023-10-31 11:15:21.231159",6,""
2250,Tingkat Akuntabilitas Keuangan,C1003,9.0,"2223",3,6,"2023-03-28 04:12:37.017302",2,"2023-10-31 11:15:35.331757",6,""
2252,Indeks BerAkhlak,C2002,4.0,"2224",3,6,"2023-03-28 04:12:37.017302",6,"2023-03-28 04:12:37.017302",6,""
2253,Survei Penilaian Integritas,C2003,10.0,"2224",3,6,"2023-03-28 04:12:37.017302",2,"2023-10-31 11:16:05.794864",6,""
2254,Survei Kepuasan Masyarakat,C2004,8.0,"2224",3,6,"2023-03-28 04:12:37.017302",6,"2023-03-28 08:10:44.611224",6,""
2255,Rencana Aksi Pembangunan RB Tematik,"2A11",2.0,"2225",3,6,"2023-03-28 04:12:37.017302",2,"2023-10-31 11:21:03.942758",6,""
2257,Capaian Output RB Tematik,"2A12",3.0,"2225",3,6,"2023-03-28 07:28:06.021902",2,"2023-10-31 11:21:18.65188",6,""
2258,Capaian Dampak RB Tematik,"2B101",15.0,"2226",3,6,"2023-03-28 07:28:06.021902",6,"2023-03-28 07:28:06.021902",6,""
2259,Rencana Aksi Pembangunan RB General,A100101,3.0,"2227",4,6,"2023-03-28 08:10:44.611224",6,"2023-03-28 08:10:44.611224",6,""
2260,TIngkat Implementasi Rencana Aksi RB General,A100201,7.0,"2228",4,6,"2023-03-28 08:10:44.611224",6,"2023-03-28 08:10:44.611224",6,""
2261,Persentase Penyderhanaan Struktur Organisasi,B100101,2.0,"2229",4,6,"2023-03-28 08:10:44.611224",2,"2023-10-31 11:44:10.170723",6,""
2262,Tingkat Capaian Sistem Kerja untuk Penyderhanaan Birokrasi,B100201,2.0,"2230",4,6,"2023-03-28 08:10:44.611224",2,"2023-10-31 11:45:00.654729",6,""
2263,Tingkat Maturitas Sistem Pengendalian Intern Pemerintah (SPIP),B1003,4.0,"2231",4,6,"2023-03-28 08:10:44.611224",2,"2023-10-31 11:46:47.449564",6,""
2264,Tingkat Keberhasilan Pembangunan Zona Integritas,B100401,3.0,"2232",4,6,"2023-03-28 08:10:44.611224",2,"2023-10-31 11:49:33.521328",6,""
2265,Nilai Sitem Akuntabilitas Kinerja Instansi Pemerintah (SAKIP),B100501,4.0,"2233",4,6,"2023-03-28 08:10:44.611224",2,"2023-10-31 11:50:08.52416",6,""
2266,Indeks Perencanaan Pembangunan,B100601,2.5,"2234",4,6,"2023-03-28 08:10:44.611224",2,"2023-10-31 11:50:35.551039",6,""
2267,Tingkat Implementasi Kebijakan Arsitektur Sistem Pemerintahan Berbasis Elektronik (SPBE),B100701,2.0,"2235",4,6,"2023-03-28 08:10:44.611224",2,"2023-10-31 11:51:22.915763",6,""
2268,Tingkat Digitalisasi Arsip,B100801,2.5,"2236",4,6,"2023-03-28 08:10:44.611224",2,"2023-10-31 11:51:46.574648",6,""
2269,Tingkat Tindak Lanjut Pengaduan Masyarakat (LAPOR) yang Sudah Diselesaikan,B100901,2.5,"2237",4,6,"2023-03-28 08:10:44.611224",2,"2023-10-31 11:52:23.212203",6,""
2270,Indeks Kualitas Kebijakan,B101001,2.0,"2238",4,6,"2023-03-28 08:10:44.611224",2,"2023-10-31 11:52:37.449955",6,""
2271,Indeks Reformasi Hukum,B1011,2.0,"2239",4,6,"2023-03-28 08:10:44.611224",2,"2023-10-31 11:52:48.298686",6,""
2272,Tingkat Kematangan Penyelenggaraan Statistik Sektoral,B1012,2.0,"2240",4,6,"2023-03-28 08:10:44.611224",2,"2023-10-31 11:53:22.355319",6,""
2273,Indeks Tata Kelola Pengadaan,B101301,2.5,"2241",4,6,"2023-03-28 08:10:44.611224",2,"2023-10-31 11:53:38.509558",6,""
2274,Indeks Sistem Merit,B101401,4.0,"2246",4,6,"2023-03-28 08:10:44.611224",2,"2023-10-31 12:01:39.566487",6,""
2275,Indeks Pelayanan Publik,B200101,1.5,"2247",4,6,"2023-03-28 08:10:44.611224",2,"2023-10-31 12:02:50.445226",6,""
2276,Tingkat Kepatuhan Standar Pelayanan Publik,B200201,1.5,"2247",4,6,"2023-03-28 08:10:44.611224",2,"2023-10-31 12:07:47.87147",6,""
2277,-,B200301,0.0,"",4,6,"2023-03-28 08:10:44.611224",2,"2023-10-31 12:08:18.638922",6,""
2278,-,B200401,0.0,"",4,6,"2023-03-28 08:10:44.611224",2,"2023-10-31 12:08:39.084747",6,""
2279,-,B200501,0.0,"",4,6,"2023-03-28 08:10:44.611224",2,"2023-10-31 12:09:01.31795",6,""
2280,Indeks SPBE,C100101,9.0,"2248",4,6,"2023-03-28 08:10:44.611224",6,"2023-03-28 08:10:44.611224",6,""
2281,Capaian IKU Makro,C100201,2.0,"2249",4,6,"2023-03-28 08:10:44.611224",6,"2023-03-28 08:10:44.611224",6,""
2282,Capaian IKU Non Makro,C100202,8.0,"2249",4,6,"2023-03-28 08:10:44.611224",2,"2023-10-31 12:09:43.312005",6,""
2283,Opini BPK,C100301,5.0,"2250",4,6,"2023-03-28 08:10:44.611224",6,"2023-03-28 08:10:44.611224",6,""
2284,Tindak Lanjut Rekomendasi BPK,C100302,4.0,"2250",4,6,"2023-03-28 08:10:44.611224",2,"2023-10-31 12:09:58.944444",6,""
2285,Indeks BerAkhlak,C200101,4.0,"2252",4,6,"2023-03-28 08:10:44.611224",2,"2023-10-31 12:11:39.350866",6,""
2286,Survei Penilaian Integritas,C200201,10.0,"2253",4,6,"2023-03-28 08:10:44.611224",2,"2023-10-31 12:12:36.45838",6,""
2287,Survei Kepuasan Masyarakat,C200301,8.0,"2254",4,6,"2023-03-28 08:10:44.611224",2,"2023-10-31 12:13:16.533094",6,""
2288,Pengentasan Kemiskinan (Rencana Aksi),"2A1101",0.4,"2255",4,6,"2023-03-28 08:10:44.611224",2,"2023-10-31 12:17:16.738579",6,""
2289,Realisasi Investasi (Rencana Aksi,"2A1102",0.4,"2255",4,6,"2023-03-28 08:10:44.611224",2,"2023-10-31 12:17:46.742208",6,""
2290,Digitalisasi Administrasi Pemerintahan Fokus Penanganan Stunting (Rencana Aksi),"2A1103",0.4,"2255",4,6,"2023-03-28 08:10:44.611224",2,"2023-10-31 12:18:23.05059",6,""
2291,Penggunaan Produk Dalam Negeri (Rencana Aksi),"2A1104",0.4,"2255",4,6,"2023-03-28 08:10:44.611224",2,"2023-10-31 12:19:08.014805",6,""
2292,Laju Inflasi (Rencana Aksi),"2A1104",0.4,"2255",4,6,"2023-03-28 08:10:44.611224",2,"2023-10-31 12:19:22.1193",6,""
2293,Pengentasan Kemiskinan (Capaian Output),"2A1201",0.6,"2257",4,6,"2023-03-28 08:12:38.798781",2,"2023-10-31 12:21:23.57558",6,""
2294,Net Koefisien,K0EF001,10.0,"2124",1,2,"2023-03-29 02:54:37.425217",2,"2023-11-06 09:14:15.505252",5,True
2295,Realisasi Investasi (Capaian Output),"2A1202",0.6,"2257",4,6,"2023-03-29 03:43:59.078351",2,"2023-10-31 12:21:52.338363",6,""
2296,Digitalisasi Administrasi Pemerintahan Fokus Penanganan Stunting (Capaian Output),"2A1203",0.6,"2257",4,6,"2023-03-29 03:43:59.078351",2,"2023-10-31 12:22:41.856276",6,""
2297,Penggunaan Produk Dalam Negeri (Capaian Output),"2A1204",0.6,"2257",4,6,"2023-03-29 03:43:59.078351",2,"2023-10-31 12:23:06.236943",6,""
2298,Laju Inflasi (Capaian Output),"2A1205",0.6,"2257",4,6,"2023-03-29 03:43:59.078351",2,"2023-10-31 12:26:06.538474",6,""
2299,Penurunan Tingkat Kemiskinan (Capaian Dampak),"2B1301",3.0,"2258",4,6,"2023-03-29 03:43:59.078351",2,"2023-10-31 12:26:18.216326",6,""
2300,Peningkatan Realisasi Investasi (Capaian Dampak),"2B1302",3.0,"2258",4,6,"2023-03-29 03:43:59.078351",2,"2023-10-31 12:25:42.421407",6,""
2301,Digitalisasi Administrasi Pemerintahan Fokus Penanganan Stunting (Capaian Dampak),"2B1303",3.0,"2258",4,6,"2023-03-29 03:43:59.078351",2,"2023-10-31 12:26:54.939627",6,""
2302,Tingkat Penggunaan Produk Dalam Negeri (Capaian Dampak),"2B1304",3.0,"2258",4,6,"2023-03-29 03:43:59.078351",2,"2023-10-31 12:27:18.211166",6,""
2303,Tingkat Implementasi Penyederhanaan Birokrasi,RA01,0.0,"",4,6,"2023-05-19 13:05:36.22998",6,"2023-05-19 13:05:36.22998",9,""
2304,Tingkat Implementasi Sistem kerja Baru dan Fleksibilitas Berkerja Pegawai,RA02,0.0,"",4,2,"2023-05-19 14:33:49.309966",2,"2023-05-19 14:33:49.309966",9,""
2305,Indeks SPBE,RA03,0.0,"",4,2,"2023-05-19 14:33:49.309966",2,"2023-05-19 14:33:49.309966",9,""
2306,Tingkat Implementasi Kebijakan Arsitektur SPBE,RA04,0.0,"",4,2,"2023-05-19 14:33:49.309966",6,"2023-09-21 10:30:03.976981",9,""
2307,Indeks Perencanaan Pembangunan,RA05,0.0,"",4,2,"2023-05-19 14:33:49.309966",2,"2023-05-19 14:33:49.309966",9,""
2308,Nilai SAKIP,RA06,0.0,"",4,2,"2023-05-19 14:33:49.309966",2,"2023-05-19 14:33:49.309966",9,""
2309,Tingkat Implementasi Penyederhanaan Birokrasi,RAD1,0.0,"",4,6,"2023-06-19 06:23:27.947797",6,"2023-08-11 11:18:45.936949",10,""
2310,Tingkat Implementasi Sistem kerja Baru dan Fleksibilitas Berkerja Pegawai,RAD2,0.0,"",4,6,"2023-06-19 06:23:27.947797",6,"2023-08-11 11:18:45.936949",10,""
2311,Indeks SPBE,RAD3,0.0,"",4,6,"2023-06-19 06:23:27.947797",6,"2023-08-11 11:18:45.936949",10,""
2312,Tingkat Implementasi Kebijakan Arsitektur SPBE,RAD4,0.0,"",4,6,"2023-06-19 06:23:27.947797",6,"2023-09-21 10:30:21.328393",10,""
2313,Nilai SAKIP,RAD5,0.0,"",4,6,"2023-06-19 06:23:27.947797",6,"2023-08-11 11:18:45.936949",10,""
2314,Tingkat Keberhasilan Pembangunan Zona Integritas,RA07,0.0,"",4,6,"2023-08-11 11:03:30.534528",6,"2023-08-11 11:03:30.534528",9,""
2315,Tingkat Maturitas SPIP,RA08,0.0,"",4,6,"2023-08-11 11:03:30.534528",6,"2023-08-11 11:03:30.534528",9,""
2316,Tingkat TIndak Lanjut Pengaduan Masyarakat (LAPOR) yang Sudah Diselesaikan,RA09,0.0,"",4,6,"2023-08-11 11:03:30.534528",6,"2023-09-21 10:52:53.981856",9,""
2317,Survei Penilaian Integritas,RA10,0.0,"",4,6,"2023-08-11 11:07:07.081993",6,"2023-08-11 11:07:07.081993",9,""
2318,Indeks Kualitas Kebijakan,RA11,0.0,"",4,6,"2023-08-11 11:07:07.081993",6,"2023-08-11 11:07:07.081993",9,""
2319,Indeks Reformasi Hukum,RA12,0.0,"",4,6,"2023-08-11 11:07:07.081993",6,"2023-08-11 11:07:07.081993",9,""
2320,Tingkat Digitalisasi Arsip,RA13,0.0,"",4,6,"2023-08-11 11:07:07.081993",6,"2023-08-11 11:07:07.081993",9,""
2321,Tingkat Kematangan Penyelenggaraan Statistik Sektoral,RA14,0.0,"",4,6,"2023-08-11 11:07:07.081993",6,"2023-08-11 11:07:07.081993",9,""
2322,Indeks Tata Kelola Pengadaan,RA15,0.0,"",4,6,"2023-08-11 11:07:07.081993",6,"2023-08-11 11:07:07.081993",9,""
2323,Opini BPK,RA16,0.0,"",4,6,"2023-08-11 11:07:07.081993",6,"2023-08-11 11:07:07.081993",9,""
2324,Tindak Lanjut Rekomendasi BPK,RA17,0.0,"",4,6,"2023-08-11 11:07:07.081993",6,"2023-08-11 11:07:07.081993",9,""
2325,Indikator Kinerja Pelaksanaan Anggaran,RA18,0.0,"",4,6,"2023-08-11 11:07:07.081993",6,"2023-08-11 11:07:07.081993",9,""
2326,Indeks Pengelolaan Aset,RA19,0.0,"",4,6,"2023-08-11 11:07:07.081993",6,"2023-08-11 11:07:07.081993",9,""
2327,Indeks Sistem Merit,RA20,0.0,"",4,6,"2023-08-11 11:07:07.081993",6,"2023-08-11 11:07:07.081993",9,""
2328,Indeks BerAkhlak,RA21,0.0,"",4,6,"2023-08-11 11:07:07.081993",6,"2023-08-11 11:07:07.081993",9,""
2329,Employee Engangement,RA22,0.0,"",4,6,"2023-08-11 11:07:07.081993",6,"2023-08-11 11:07:07.081993",9,""
2330,Survey Kepuasan Masyarakat,RA23,0.0,"",4,6,"2023-08-11 11:07:07.081993",6,"2023-08-11 11:07:07.081993",9,""
2331,Indeks Pelayanan Publik,RA24,0.0,"",4,6,"2023-08-11 11:07:07.081993",6,"2023-08-11 11:07:07.081993",9,""
2332,Tingkat Keberhasilan Pembangunan Zona Integritas,RAD6,0.0,"",4,6,"2023-08-11 11:18:45.936949",6,"2023-08-11 11:18:45.936949",10,""
2333,Tingkat Maturitas SPIP,RAD7,0.0,"",4,6,"2023-08-11 11:18:45.936949",6,"2023-08-11 11:18:45.936949",10,""
2334,Tingkat Tindak Lanjut Pengaduan Masyarakat (LAPOR) yang Sudah Diselesaikan,RAD8,0.0,"",4,6,"2023-08-11 11:18:45.936949",6,"2023-09-21 10:52:35.989207",10,""
2335,Survei Penilaian Integritas,RAD9,0.0,"",4,6,"2023-08-11 11:18:45.936949",6,"2023-08-11 11:18:45.936949",10,""
2336,Indeks Kualitas Kebijakan,RAD10,0.0,"",4,6,"2023-08-11 11:18:45.936949",6,"2023-08-11 11:18:45.936949",10,""
2337,Indeks Reformasi Hukum,RAD11,0.0,"",4,6,"2023-08-11 11:18:45.936949",6,"2023-08-11 11:18:45.936949",10,""
2338,Tingkat Digitalisasi Arsip,RAD12,0.0,"",4,6,"2023-08-11 11:18:45.936949",6,"2023-08-11 11:18:45.936949",10,""
2339,Tingkat Kematangan Penyelenggaraan Statistik Sektoral,RAD13,0.0,"",4,6,"2023-08-11 11:18:45.936949",6,"2023-08-11 11:18:45.936949",10,""
2340,Indeks Tata Kelola Pengadaan,RAD14,0.0,"",4,6,"2023-08-11 11:18:45.936949",6,"2023-08-11 11:18:45.936949",10,""
2341,Opini BPK,RAD15,0.0,"",4,6,"2023-08-11 11:18:45.936949",6,"2023-08-11 11:18:45.936949",10,""
2342,Tindak Lanjut Rekomendasi BPK,RAD16,0.0,"",4,6,"2023-08-11 11:18:45.936949",6,"2023-08-11 11:18:45.936949",10,""
2343,Indeks Sistem Merit,RAD17,0.0,"",4,6,"2023-08-11 11:18:45.936949",6,"2023-08-11 11:18:45.936949",10,""
2344,Indeks BerAkhlak,RAD18,0.0,"",4,6,"2023-08-11 11:18:45.936949",6,"2023-08-11 11:18:45.936949",10,""
2345,Employee Engangement,RAD19,0.0,"",4,6,"2023-08-11 11:18:45.936949",6,"2023-08-11 11:18:45.936949",10,""
2346,Survey Kepuasan Masyarakat (SKM),RAD20,0.0,"",4,6,"2023-08-11 11:18:45.936949",6,"2023-08-11 11:18:45.936949",10,""
2347,Indeks Pelayanan Publik,RAD21,0.0,"",4,6,"2023-08-11 11:18:45.936949",6,"2023-08-11 11:18:45.936949",10,""
2348,Indeks Perencanaan Pembangunan,RAD22,0.0,"",4,6,"2023-08-11 11:31:55.954007",6,"2023-08-11 11:31:55.954007",10,""
2349,Tingkat Kepatuhan Standar Pelaynanan Publik,RA25,0.0,"",4,6,"2023-09-21 10:38:10.077817",6,"2023-09-21 10:38:10.077817",9,""
2350,Tingkat Kepatuhan Standar Pelayanan Publik,RAD33,0.0,"",4,6,"2023-09-21 10:38:33.847618",6,"2023-09-21 10:38:33.847618",10,""
2351,Tingkat Inflasi (Capaian Dampak),"2B1304",3.0,"2258",4,2,"2023-10-31 12:28:37.301654",2,"2023-12-14 06:03:55.144518",6,False
2352,RB General,"1",100.0,"",0,2,"2023-10-31 15:21:16.661451",2,"2023-10-31 15:21:43.44994",13,False
2353,RB Tematik,"2",20.0,"",0,2,"2023-10-31 16:15:39.136657",2,"2023-10-31 16:15:39.136657",13,False
2354,Strategi Pelaksanaan RB General,"1A",10.0,"2352",1,2,"2023-10-31 16:17:35.578216",2,"2023-10-31 16:17:35.578216",13,False
2355,Capaian Pelaksanaan Kebijakan RB,"1B",40.0,"2352",1,2,"2023-10-31 16:18:20.951822",2,"2023-10-31 16:18:20.951822",13,False
2356,Capaian Sasaran Strategis,"1C",50.0,"2352",1,2,"2023-10-31 16:19:00.438364",2,"2023-10-31 16:19:00.438364",13,False
2357,Strategi Pelaksanaan RB Tematik,"2A",5.0,"2353",1,2,"2023-10-31 16:19:37.491851",2,"2023-10-31 16:19:37.491851",13,False
2358,Capaian Indikator Dampak RB Tematik,"2B",15.0,"2353",1,2,"2023-10-31 16:20:10.220931",2,"2023-10-31 16:20:10.220931",13,False
2359,Strategi Pelaksanaan RB General,"1A1",10.0,"2354",2,2,"2023-10-31 16:22:29.667174",2,"2023-10-31 16:22:29.667174",13,False
2360,Hard Element (Sasaran 1),"1B1",33.0,"2355",2,2,"2023-10-31 16:26:38.01169",2,"2023-10-31 16:26:38.01169",13,False
2361,Soft Element (Sasaran 2),"1B2",7.0,"2355",2,2,"2023-10-31 16:27:17.403754",2,"2023-10-31 16:27:17.403754",13,False
2362,Hard Element (Sasaran Strategis 1),"1C1",28.0,"2356",2,2,"2023-10-31 16:27:58.800275",2,"2023-10-31 16:27:58.800275",13,False
2363,Soft Element (Sasaran Strategis 2),"1C2",22.0,"2356",2,2,"2023-10-31 16:28:41.697062",2,"2023-10-31 16:28:41.697062",13,False
2364,Strategi Pelaksanaan RB Tematik,"2A1",5.0,"2357",2,2,"2023-10-31 16:29:44.757482",2,"2023-10-31 16:29:44.757482",13,False
2365,Capaian Indikator Dampak RB Tematik,"2B1",15.0,"2358",2,2,"2023-10-31 16:30:29.625538",2,"2023-10-31 16:30:29.625538",13,False
2366,Rencana Aksi Pembangunan RB General,"1A11",3.0,"2359",3,9991,"2023-11-01 14:12:02.056008",9991,"2023-11-01 14:12:02.056008",13,""
2367,Tingkat Implementasi Rencana Aksi Pembangunan RB General,"1A12",7.0,"2359",3,9991,"2023-11-01 14:12:02.056008",9991,"2023-11-01 14:12:02.056008",13,""
2368,Persentase Penyederhanaan Struktur Organisasi,"1B11",2.0,"2360",3,9991,"2023-11-01 14:12:02.056008",9991,"2023-11-01 14:12:02.056008",13,""
2369,Tingkat Capaian Sistem Kerja untuk Penyderhanaan Birokrasi,"1B12",2.0,"2360",3,9991,"2023-11-01 14:12:02.056008",9991,"2023-11-01 14:12:02.056008",13,""
2370,Tingkat Maturitas Sistem Pengendalian Intern Pemerintah,"1B13",4.0,"2360",3,9991,"2023-11-01 14:12:02.056008",9991,"2023-11-01 14:12:02.056008",13,""
2371,Tingkat Keberhasilan Pembangunan Zona Integritas,"1B14",3.5,"2360",3,9991,"2023-11-01 14:12:02.056008",9991,"2023-11-01 14:12:02.056008",13,""
2372,Nilai Sistem Akuntabilitas Kinerja Instansi Pemerintah,"1B15",4.0,"2360",3,9991,"2023-11-01 14:12:02.056008",9991,"2023-11-01 14:12:02.056008",13,""
2373,Tingkat Implementasi Kebijakan Arsitektur Sistem Pemerintahan Berbasis Elektronik,"1B16",2.5,"2360",3,9991,"2023-11-01 14:12:02.056008",9991,"2023-11-01 14:12:02.056008",13,""
2374,Tingkat Digitalisasi Arsip,"1B17",2.5,"2360",3,9991,"2023-11-01 14:12:02.056008",9991,"2023-11-01 14:12:02.056008",13,""
2375,Tingkat Tindak Lanjut Pengaduan Masyarakat (LAPOR) yang Sudah Diselesaikan,"1B18",2.5,"2360",3,9991,"2023-11-01 14:12:02.056008",9991,"2023-11-01 14:12:02.056008",13,""
2376,Indeks Kualitas Kebijakan,"1B19",2.5,"2360",3,9991,"2023-11-01 14:12:02.056008",9991,"2023-11-01 14:12:02.056008",13,""
2377,Indeks Reformasi Hukum,"1B110",2.5,"2360",3,9991,"2023-11-01 14:12:02.056008",9991,"2023-11-01 14:12:02.056008",13,""
2378,Tingkat Kematangan Penyelenggaraan Statistik Sektoral,"1B111",2.5,"2360",3,9991,"2023-11-01 14:12:02.056008",9991,"2023-11-01 14:12:02.056008",13,""
2379,Indeks Tata Kelola Pengadaan,"1B112",2.5,"2360",3,9991,"2023-11-01 14:12:02.056008",9991,"2023-11-01 14:12:02.056008",13,""
2380,Indeks Sistem Merit,"1B11",4.0,"2361",3,9991,"2023-11-01 14:12:02.056008",9991,"2023-11-01 14:12:02.056008",13,""
2381,Indeks Pelayanan Publik,"1B12",3.0,"2361",3,9991,"2023-11-01 14:12:02.056008",9991,"2023-11-01 14:12:02.056008",13,""
2382,Indeks Sistem Pemerintahan Berbasis Elektronik (SPBE),"1C11",9.0,"2362",3,9991,"2023-11-01 14:12:02.056008",9991,"2023-11-01 14:12:02.056008",13,""
2383,Capaian Akuntabilitas Kinerja,"1C12",10.0,"2362",3,9991,"2023-11-01 14:12:02.056008",9991,"2023-11-01 14:12:02.056008",13,""
2384,Tingkat Akuntabilitas Keuangan,"1C13",9.0,"2362",3,9991,"2023-11-01 14:12:02.056008",9991,"2023-11-01 14:12:02.056008",13,""
2385,Indeks BerAkhlak,"1C21",4.0,"2363",3,9991,"2023-11-01 14:12:02.056008",9991,"2023-11-01 14:12:02.056008",13,""
2386,Survei Penilaian Integritas,"1C22",10.0,"2363",3,9991,"2023-11-01 14:12:02.056008",9991,"2023-11-01 14:12:02.056008",13,""
2387,Survei Kepuasan Masyarakat,"1C23",8.0,"2363",3,9991,"2023-11-01 14:12:02.056008",9991,"2023-11-01 14:12:02.056008",13,""
2388,Rencana Aksi Pembangunan RB Tematik,"2A11",2.0,"2364",3,9991,"2023-11-01 14:16:29.327524",9991,"2023-11-01 14:18:26.921536",13,""
2389,Capaian Output Rencana Aksi RB Tematik,"2A12",3.0,"2364",3,9991,"2023-11-01 14:18:26.921536",9991,"2023-11-01 14:18:26.921536",13,""
2390,Capaian Indiaktor Dampak RB Tematik,"2B1",15.0,"2365",3,9991,"2023-11-01 14:18:26.921536",9991,"2023-11-01 14:18:26.921536",13,""
2391,Rencana Aksi Pembangunan RB General,"1A11A",3.0,"2366",4,9991,"2023-11-01 14:54:40.06262",9991,"2023-11-01 14:54:40.06262",13,""
2392,Tingkat Implementasi Rencana Aksi Pembangunan RB General,"1A12B",7.0,"2367",4,9991,"2023-11-01 14:54:40.06262",9991,"2023-11-01 14:54:40.06262",13,""
2393,Persentase Penyderhanaan Struktur Organisasi,"1B11A",2.0,"2368",4,9991,"2023-11-01 14:54:40.06262",9991,"2023-11-01 14:54:40.06262",13,""
2394,Tingkat Capaian Sistem Kerja untuk Penyderhanaan Birokrasi,"1B11B",2.0,"2369",4,9991,"2023-11-01 14:54:40.06262",9991,"2023-11-01 14:54:40.06262",13,""
2395,Tingkat Maturitas Sistem Pengendalian Intern Pemerintah,"1B11C",4.0,"2370",4,9991,"2023-11-01 14:54:40.06262",9991,"2023-11-01 14:54:40.06262",13,""
2396,Tingkat Keberhasilan Pembangunan Zona Integritas,"1B11D",3.5,"2371",4,9991,"2023-11-01 14:54:40.06262",9991,"2023-11-01 14:54:40.06262",13,""
2397,Nilai Sistem Akuntabilitas Kinerja Instansi Pemerintah,"1B11E",4.0,"2372",4,9991,"2023-11-01 14:54:40.06262",9991,"2023-11-01 14:54:40.06262",13,""
2398,Tingkat Implementasi Kebijakan Arsitektur Sistem Pemerintahan Berbasis Elektronik,"1B11F",2.5,"2373",4,9991,"2023-11-01 14:54:40.06262",9991,"2023-11-01 14:54:40.06262",13,""
2399,Tingkat Digitalisasi Arsip,"1B11G",2.5,"2374",4,9991,"2023-11-01 14:54:40.06262",9991,"2023-11-01 14:54:40.06262",13,""
2400,Tingkat Tindak Lanjut Pengaduan Masyarakat (LAPOR) yang Sudah Diselesaikan,"1B11H",2.5,"2375",4,9991,"2023-11-01 14:54:40.06262",9991,"2023-11-01 14:54:40.06262",13,""
2401,Indeks Kualitas Kebijakan,"1B11I",2.5,"2376",4,9991,"2023-11-01 14:54:40.06262",9991,"2023-11-01 14:54:40.06262",13,""
2402,Indeks Reformasi Hukum,"1B11J",2.5,"2377",4,9991,"2023-11-01 14:54:40.06262",9991,"2023-11-01 14:54:40.06262",13,""
2403,Tingkat Kematangan Penyelenggaraan Statistik Sektoral,"1B11K",2.5,"2378",4,9991,"2023-11-01 14:54:40.06262",9991,"2023-11-01 14:54:40.06262",13,""
2404,Indeks Tata Kelola Pengadaan,"1B11L",2.5,"2379",4,9991,"2023-11-01 14:54:40.06262",9991,"2023-11-01 14:54:40.06262",13,""
2405,Indeks Sistem Merit,"1B11A",4.0,"2380",4,9991,"2023-11-01 14:54:40.06262",9991,"2023-11-01 14:54:40.06262",13,""
2406,Indeks Pelayanan Publik,"1B12A",1.5,"2381",4,9991,"2023-11-01 14:54:40.06262",9991,"2023-11-01 14:54:40.06262",13,""
2407,Tingkat Kepatuhan Standar Pelayanan Publik,"1B12B",1.5,"2381",4,9991,"2023-11-01 14:54:40.06262",9991,"2023-11-01 14:54:40.06262",13,""
2408,Indeks Sistem Pemerintahan Berbasis Elektronik (SPBE),"1C11A",9.0,"2382",4,9991,"2023-11-01 14:54:40.06262",9991,"2023-11-01 14:54:40.06262",13,""
2409,Capaian Indikator Kinerja Utama Makro,"1C12A",2.0,"2383",4,9991,"2023-11-01 14:54:40.06262",9991,"2023-11-01 14:54:40.06262",13,""
2410,Capaian Indikator Kinerja Non Makro,"1C12B",8.0,"2383",4,9991,"2023-11-01 14:54:40.06262",9991,"2023-11-01 14:54:40.06262",13,""
2411,Opini BPK,"1C13A",5.0,"2384",4,9991,"2023-11-01 14:54:40.06262",9991,"2023-11-01 14:54:40.06262",13,""
2412,Tindak Lanjut Rekomendasi,"1C13B",4.0,"2384",4,9991,"2023-11-01 14:54:40.06262",9991,"2023-11-01 14:54:40.06262",13,""
2413,Indeks BerAkhlak,"1C21A",4.0,"2385",4,9991,"2023-11-01 14:54:40.06262",9991,"2023-11-01 14:54:40.06262",13,""
2414,Survei Penilaian Integritas,"1C22A",10.0,"2386",4,9991,"2023-11-01 14:54:40.06262",9991,"2023-11-01 14:54:40.06262",13,""
2415,Survei Kepuasan Masyarakat,"1C23A",8.0,"2387",4,9991,"2023-11-01 14:54:40.06262",9991,"2023-11-01 14:54:40.06262",13,""
2416,Pengentasan Kemiskinan (Rencana Aksi),"2A11A",0.4,"2388",4,9991,"2023-11-01 14:54:40.06262",9991,"2023-11-01 14:54:40.06262",13,""
2417,Realisasi Investasi (Rencana Aksi),"2A11B",0.4,"2388",4,9991,"2023-11-01 14:54:40.06262",9991,"2023-11-01 14:54:40.06262",13,""
2418,Digitalisasi Administrasi Pemerintahan Fokus Penanganan Stunting (Rencana Aksi),"2A11C",0.4,"2388",4,9991,"2023-11-01 14:54:40.06262",9991,"2023-11-01 14:54:40.06262",13,""
2419,Penggunaan Produk Dalam Negeri (Rencana Aksi),"2A11D",0.4,"2388",4,9991,"2023-11-01 14:54:40.06262",9991,"2023-11-01 14:54:40.06262",13,""
2420,Pengendalian Inflasi (Rencana Aksi),"2A11E",0.4,"2388",4,9991,"2023-11-01 14:58:26.484478",9991,"2023-11-01 14:58:26.484478",13,""
2421,Pengentasan Kemiskinan (Capaian Output),"2A12A",0.6,"2389",4,2,"2023-11-02 08:53:46.215725",2,"2023-11-02 08:53:46.215725",13,""
2422,Realisasi Investasi (Capaian Output),"2A12B",0.6,"2389",4,2,"2023-11-02 08:53:46.215725",2,"2023-11-02 08:53:46.215725",13,""
2423,Digitalisasi Administrasi Pemerintahan Fokus Penanganan Stunting (Capaian Output),"2A12C",0.6,"2389",4,2,"2023-11-02 08:53:46.215725",2,"2023-11-02 08:53:46.215725",13,""
2424,Penggunaan Produk Dalam Negeri (Capaian Output),"2A12D",0.6,"2389",4,2,"2023-11-02 08:53:46.215725",2,"2023-11-02 08:53:46.215725",13,""
2425,Pengendalian Inflasi (Capaian Output),"2A12E",0.6,"2389",4,2,"2023-11-02 08:53:46.215725",2,"2023-11-02 08:53:46.215725",13,""
2426,Pengentasan Kemiskinan (Capaian Dampak),"2B1A",3.0,"2390",4,2,"2023-11-02 08:53:46.215725",2,"2023-11-02 08:53:46.215725",13,""
2427,Realisasi Investasi (Capaian Dampak),"2B1B",3.0,"2390",4,2,"2023-11-02 08:53:46.215725",2,"2023-11-02 08:53:46.215725",13,""
2428,Digitalisasi Administrasi Pemerintahan Fokus Penanganan Stunting (Capaian Dampak),"2B1C",3.0,"2390",4,2,"2023-11-02 08:53:46.215725",2,"2023-11-02 08:53:46.215725",13,""
2429,Penggunaan Produk Dalam Negeri (Capaian Dampak),"2B1D",3.0,"2390",4,2,"2023-11-02 08:53:46.215725",2,"2023-11-02 08:53:46.215725",13,""
2430,Pengendalian Inflasi (Capaian Dampak),"2B1E",3.0,"2390",4,2,"2023-11-02 08:53:46.215725",2,"2023-11-02 08:53:46.215725",13,""
2431,Net Koefisien,KOEF001A,10.0,"2294",2,2,"2023-11-02 09:30:02.575458",2,"2023-11-06 09:14:27.003013",5,True
2432,Net Koeifisen,KOEF001AA,10.0,"2431",3,2,"2023-11-02 09:30:39.773667",2,"2023-11-06 09:14:37.065101",5,True
2433,Net Koefisien,KOEF001AAA,10.0,"2432",4,2,"2023-11-02 09:31:24.360762",2,"2023-11-06 09:14:52.110994",5,True
2434,Koefisien,KOEF01,10.0,"2213",1,2,"2023-11-02 14:01:03.71432",2,"2023-11-02 14:01:03.71432",6,True
2435,Koefisien,KOEF02,10.0,"2434",2,2,"2023-11-02 14:01:30.77787",2,"2023-11-02 14:01:30.77787",6,True
2436,Koefisien,KOEF03,10.0,"2435",3,2,"2023-11-02 14:01:55.009103",2,"2023-11-02 14:01:55.009103",6,True
2437,Koefisien,KOEF04,10.0,"2436",4,2,"2023-11-02 14:02:18.864847",2,"2023-11-02 14:02:18.864847",6,True
2438,Koefisien,KOEF01,10.0,"2352",1,2,"2023-11-02 14:10:42.068378",2,"2023-11-02 14:10:42.068378",13,True
2439,Koefisien,KOEF02,10.0,"2438",2,2,"2023-11-02 14:11:07.684776",2,"2023-11-02 14:11:07.684776",13,True
2440,Koefisien,KOEF03,10.0,"2439",3,2,"2023-11-02 14:11:34.789497",2,"2023-11-02 14:11:34.789497",13,True
2441,Koefisien,KOEF04,10.0,"2440",4,2,"2023-11-02 14:11:54.661361",2,"2023-11-02 14:11:54.661361",13,True
2443,Capaian Utama RB Tematik,TEMATIK,10.0,"2126",1,2,"2023-11-08 10:17:21.153102",2,"2023-11-08 10:17:21.153102",5,False
2444,Capaian Utama RB Tematik,TMTK,10.0,"2443",2,2,"2023-11-08 10:19:48.910204",2,"2023-11-08 10:19:48.910204",5,False
2445,Strategi Pembangunan,TEM01,4.0,"2444",3,2,"2023-11-08 10:28:33.818246",2,"2023-11-08 10:28:33.818246",5,False
2446,Capaian Dampak,TEM02,6.0,"2444",3,2,"2023-11-08 10:29:25.492742",2,"2023-11-08 10:29:25.492742",5,False
2447,Pengentasan Kemiskinan (Strategi Pembangunan),TEM01A,0.8,"2445",4,2,"2023-11-08 10:33:30.37967",2,"2023-11-08 10:38:00.419652",5,False
2448,Realisasi Investasi (Strategi Pembangunan),TEM01B,0.8,"2445",4,2,"2023-11-08 10:34:08.461786",2,"2023-11-08 10:37:51.958712",5,False
2449,Digitalisasi Administrasi Pemerintahan Berfokus pada Penanganan Stunting (Strategi Pembangunan),TEM01C,0.8,"2445",4,2,"2023-11-08 10:34:50.41946",2,"2023-11-08 10:37:40.902806",5,False
2450,Penggunaan Produk Dalam Negeri (Strategi Pembangunan),TEM01D,0.8,"2445",4,2,"2023-11-08 10:35:29.354002",2,"2023-11-08 10:36:30.22543",5,False
2451,Laju Inflasi (Strategi Pembangunan),TEM01E,0.8,"2445",4,2,"2023-11-08 10:35:55.261408",2,"2023-11-08 10:36:12.272804",5,False
2452,Pengentasan Kemiskinan (Capaian Dampak),TEM02A,1.2,"2446",4,2,"2023-11-08 10:38:40.328188",2,"2023-11-08 10:38:40.328188",5,False
2453,Realisasi Investasi (Capaian Dampak),TEM02B,1.2,"2446",4,2,"2023-11-08 10:39:19.693673",2,"2023-11-08 10:39:19.693673",5,False
2454,Digitalisasi Administrasi Pemerintahan Berfokus Penanganan Stunting (Capaian Dampak),TEM02C,1.2,"2446",4,2,"2023-11-08 10:40:04.135347",2,"2023-11-08 10:40:04.135347",5,False
2455,Penggunaan Produk Dalam Negeri (Capaian Dampak),TEM02D,1.2,"2446",4,2,"2023-11-08 10:40:38.866989",2,"2023-11-08 10:51:59.001398",5,False
2456,Laju Inflasi (Capaian Dampak),TEM02E,1.2,"2446",4,2,"2023-11-08 10:41:12.483011",2,"2023-11-08 10:48:41.388168",5,False
